Código EAN;Código de producto;Nombre de producto;Colección;Drop;Sexo;División de producto;Tipo;Subtipo;Color principal;Color principal detalle;Subcolor;Medida alto;Medida largo;Medida profundo;Precio de compra;PVP;Unidades;URL Imagen
13 dígitos numéricos;Alfanumérico máx 20 car.;Alfanumérico máx 100 car.;Alfanumérico máx 100 car.;Alfanumérico máx 100 car.;Mujer / Hombre / Unisex;Alfanumérico máx 100 car.;Alfanumérico máx 100 car.;Alfanumérico máx 100 car.;Alfanumérico máx 100 car.;Alfanumérico máx 100 car.;Alfanumérico máx 100 car.;Cifra (cm);Cifra (cm);Cifra (cm);Cifra;Cifra;Entero sin decimales;URL (https://...)
obligatorio;opcional;obligatorio;opcional;opcional;obligatorio;opcional;opcional;opcional;opcional;opcional;opcional;opcional;opcional;opcional;obligatorio;obligatorio;obligatorio;opcional
Código de 13 Dígitos que diferencian cada producto.;Código interno que diferencian cada producto.; Nombre que diferencia a cada producto.;Ejemplo Basic, Spring summer, Winter…;Subapartado dentro de una colección Ejemplo: Copa-cabana, Dreamy…;Mujer/Hombre/Unisex;Tipo de producto según por su uso Executive, Travel, Party…;Tipo de producto general Ejemplo: Bag, Backpack, Briefcase;Subtipo de producto: Tote,Clutch, Shopper…;Color genérico que prevalece en el producto.;Color específico que prevalece en el producto.;Segundo color del producto.;Medida del producto en cm.;Medida del producto en cm.;Medida del producto en cm.;Precio de compra del producto.;Precio de venta al público.;Unidad de stock disponibles en tienda.;URL pública de la imagen del producto (Cloudinary, Imgur, Google Drive, etc.)
;;;;;;;;;;;;;;;;;;;
;;;;;;;;;;;;;;;;;;;
;;;;;;;;;;;;;;;;;;;
;;;;;;;;;;;;;;;;;;;
;;;;;;;;;;;;;;;;;;;
;;;;;;;;;;;;;;;;;;;
;;;;;;;;;;;;;;;;;;;
;;;;;;;;;;;;;;;;;;;
;;;;;;;;;;;;;;;;;;;
;;;;;;;;;;;;;;;;;;;
;;;;;;;;;;;;;;;;;;;
;;;;;;;;;;;;;;;;;;;
;;;;;;;;;;;;;;;;;;;
;;;;;;;;;;;;;;;;;;;
;;;;;;;;;;;;;;;;;;;
;;;;;;;;;;;;;;;;;;;
;;;;;;;;;;;;;;;;;;;
;;;;;;;;;;;;;;;;;;;
;;;;;;;;;;;;;;;;;;;
;;;;;;;;;;;;;;;;;;;
;;;;;;;;;;;;;;;;;;;
;;;;;;;;;;;;;;;;;;;
;;;;;;;;;;;;;;;;;;;
